customer_id,gender,age,tenure,monthly_charges,total_charges,contract_type,internet_service,support_calls,payment_method,churn
C0001,Male,19,48,57,2736,Monthly,DSL,5,Card,No
C0002,Male,55,28,42,1176,Monthly,DSL,1,Cash,No
C0003,Male,63,42,84,3528,Monthly,DSL,3,Cash,Yes
C0004,Male,28,45,67,3015,Monthly,DSL,1,UPI,Yes
C0005,Female,24,23,94,2162,Monthly,Fiber,0,Cash,No
C0006,Male,42,6,75,450,Monthly,None,4,UPI,Yes
C0007,Male,20,43,54,2322,Yearly,DSL,1,Card,No
C0008,Female,58,54,63,3402,Monthly,Fiber,1,Cash,Yes
C0009,Male,56,41,50,2050,Monthly,DSL,1,UPI,No
C0010,Male,61,21,93,1953,Yearly,DSL,1,Card,No
C0011,Female,35,5,53,265,Yearly,None,5,UPI,Yes
C0012,Female,43,57,98,5586,Monthly,DSL,2,Card,Yes
C0013,Female,65,38,67,2546,Yearly,Fiber,2,Card,No
C0014,Male,50,32,45,1440,Yearly,DSL,1,Cash,Yes
C0015,Female,56,5,64,320,Monthly,Fiber,4,UPI,No
C0016,Male,61,47,47,2209,Monthly,None,2,Cash,Yes
C0017,Female,45,11,69,759,Monthly,None,5,UPI,No
C0018,Male,50,59,46,2714,Yearly,Fiber,5,Cash,No
C0019,Male,41,49,50,2450,Monthly,None,0,Cash,Yes
C0020,Male,25,60,63,3780,Yearly,Fiber,1,Card,Yes
C0021,Male,23,47,71,3337,Yearly,None,1,Card,No
C0022,Male,34,34,95,3230,Monthly,DSL,4,Cash,No
C0023,Female,43,43,81,3483,Monthly,None,3,Card,Yes
C0024,Male,39,2,77,154,Monthly,None,1,Card,Yes
C0025,Male,32,5,97,485,Monthly,Fiber,0,Cash,Yes
C0026,Female,31,35,48,1680,Yearly,None,4,UPI,Yes
C0027,Female,44,13,46,598,Monthly,Fiber,2,UPI,No
C0028,Male,61,42,81,3402,Monthly,Fiber,5,UPI,No
C0029,Male,33,13,52,676,Monthly,DSL,3,Card,Yes
C0030,Male,22,29,91,2639,Yearly,None,0,Card,No
C0031,Male,23,60,88,5280,Yearly,DSL,3,UPI,No
C0032,Female,21,11,64,704,Monthly,Fiber,2,UPI,Yes
C0033,Female,27,13,58,754,Monthly,DSL,4,Cash,Yes
C0034,Female,21,4,77,308,Monthly,None,1,Card,No
C0035,Male,29,5,78,390,Monthly,DSL,3,Card,No
C0036,Male,55,39,42,1638,Monthly,Fiber,5,Cash,Yes
C0037,Female,34,14,82,1148,Yearly,DSL,2,UPI,Yes
C0038,Female,47,21,99,2079,Yearly,DSL,0,UPI,No
C0039,Male,22,35,53,1855,Monthly,DSL,2,Card,No
C0040,Female,36,11,68,748,Yearly,None,2,Cash,No
C0041,Male,60,53,75,3975,Monthly,None,0,Card,Yes
C0042,Male,65,36,49,1764,Monthly,None,1,Cash,Yes
C0043,Female,50,32,56,1792,Yearly,DSL,0,Cash,No
C0044,Female,20,1,61,61,Yearly,None,2,Card,No
C0045,Female,53,1,47,47,Monthly,None,1,Cash,Yes
C0046,Female,55,36,49,1764,Monthly,DSL,2,UPI,No
C0047,Male,40,14,83,1162,Monthly,DSL,2,Cash,No
C0048,Female,57,48,49,2352,Yearly,DSL,1,Card,No
C0049,Male,29,48,99,4752,Monthly,Fiber,5,Cash,No
C0050,Female,28,51,84,4284,Monthly,DSL,3,Card,Yes
C0051,Female,40,20,92,1840,Yearly,DSL,1,Card,No
C0052,Female,39,18,95,1710,Monthly,Fiber,2,Cash,No
C0053,Female,19,8,96,768,Yearly,DSL,4,UPI,Yes
C0054,Female,40,47,90,4230,Monthly,None,4,Card,Yes
C0055,Male,34,3,85,255,Monthly,None,4,Cash,Yes
C0056,Male,41,28,44,1232,Yearly,Fiber,4,UPI,No
C0057,Male,64,58,59,3422,Monthly,None,3,UPI,Yes
C0058,Female,53,9,52,468,Monthly,Fiber,5,Cash,No
C0059,Female,43,36,93,3348,Monthly,Fiber,1,UPI,No
C0060,Female,47,29,68,1972,Monthly,None,3,Cash,Yes
C0061,Male,36,33,82,2706,Monthly,Fiber,0,Card,No
C0062,Male,30,10,41,410,Monthly,Fiber,4,Card,Yes
C0063,Male,63,45,64,2880,Monthly,DSL,1,Cash,No
C0064,Male,45,15,51,765,Yearly,None,4,UPI,Yes
C0065,Male,25,30,48,1440,Yearly,None,4,Cash,No
C0066,Female,57,53,86,4558,Yearly,Fiber,4,UPI,No
C0067,Female,46,17,88,1496,Monthly,None,2,Cash,No
C0068,Male,35,29,44,1276,Yearly,DSL,2,UPI,No
C0069,Male,26,10,54,540,Monthly,DSL,5,Card,Yes
C0070,Female,39,35,69,2415,Monthly,DSL,3,UPI,No
C0071,Male,54,25,70,1750,Monthly,Fiber,2,UPI,No
C0072,Female,52,48,87,4176,Monthly,None,1,UPI,Yes
C0073,Female,49,2,64,128,Monthly,None,3,Cash,Yes
C0074,Female,26,40,74,2960,Monthly,Fiber,4,Cash,No
C0075,Male,59,28,48,1344,Yearly,DSL,0,UPI,No
C0076,Male,47,21,61,1281,Yearly,Fiber,2,UPI,No
C0077,Male,48,2,87,174,Monthly,Fiber,1,Cash,Yes
C0078,Male,19,16,52,832,Yearly,None,1,Card,Yes
C0079,Male,54,14,69,966,Monthly,Fiber,1,Cash,No
C0080,Male,28,20,46,920,Monthly,Fiber,4,Cash,No
C0081,Female,43,46,52,2392,Monthly,None,5,Card,Yes
C0082,Female,61,39,91,3549,Monthly,None,0,UPI,No
C0083,Female,22,33,81,2673,Monthly,Fiber,3,Card,Yes
C0084,Female,58,58,93,5394,Monthly,DSL,3,Card,No
C0085,Female,57,52,98,5096,Monthly,Fiber,3,UPI,No
C0086,Female,38,55,55,3025,Yearly,DSL,2,UPI,No
C0087,Female,54,40,82,3280,Monthly,DSL,3,UPI,Yes
C0088,Male,40,52,56,2912,Monthly,None,5,UPI,Yes
C0089,Male,23,16,86,1376,Monthly,None,1,Cash,No
C0090,Female,46,51,41,2091,Monthly,DSL,3,Cash,Yes
C0091,Female,48,36,73,2628,Monthly,None,4,UPI,Yes
C0092,Female,35,20,56,1120,Monthly,None,1,UPI,Yes
C0093,Male,30,14,87,1218,Monthly,None,4,Cash,Yes
C0094,Male,30,19,54,1026,Monthly,Fiber,0,Cash,No
C0095,Female,20,4,75,300,Monthly,DSL,5,UPI,Yes
C0096,Male,54,19,70,1330,Monthly,Fiber,1,Card,Yes
C0097,Female,25,53,44,2332,Monthly,DSL,4,Cash,No
C0098,Male,27,52,76,3952,Yearly,DSL,1,Card,No
C0099,Female,56,39,90,3510,Monthly,None,3,UPI,No
C0100,Female,55,28,59,1652,Monthly,DSL,4,Cash,Yes
C0101,Male,58,14,56,784,Monthly,DSL,1,Card,No
C0102,Male,18,27,68,1836,Monthly,Fiber,2,Card,Yes
C0103,Female,62,56,69,3864,Monthly,DSL,2,Cash,No
C0104,Male,45,8,74,592,Monthly,DSL,2,Card,Yes
C0105,Male,37,39,87,3393,Yearly,Fiber,3,Card,Yes
C0106,Female,62,26,100,2600,Monthly,None,3,UPI,Yes
C0107,Male,45,48,60,2880,Monthly,DSL,0,Card,No
C0108,Male,61,53,57,3021,Monthly,DSL,3,Cash,No
C0109,Female,29,38,67,2546,Monthly,Fiber,0,UPI,Yes
C0110,Female,38,43,46,1978,Yearly,Fiber,3,Cash,Yes
C0111,Female,53,3,69,207,Monthly,Fiber,2,Card,No
C0112,Female,50,53,40,2120,Monthly,None,3,UPI,Yes
C0113,Female,57,49,71,3479,Monthly,DSL,1,UPI,No
C0114,Female,46,57,84,4788,Monthly,DSL,5,Cash,No
C0115,Male,37,36,40,1440,Monthly,DSL,1,Card,No
C0116,Male,59,54,49,2646,Monthly,None,2,Cash,No
C0117,Female,48,31,55,1705,Monthly,DSL,3,Card,No
C0118,Male,22,18,89,1602,Yearly,Fiber,2,Cash,No
C0119,Male,36,47,59,2773,Yearly,None,5,UPI,No
C0120,Female,52,31,62,1922,Monthly,None,3,UPI,No
C0121,Male,62,16,76,1216,Monthly,Fiber,0,UPI,No
C0122,Female,42,43,90,3870,Yearly,DSL,3,Card,Yes
C0123,Female,24,56,94,5264,Monthly,None,3,Card,No
C0124,Female,59,10,44,440,Monthly,Fiber,2,Cash,No
C0125,Male,39,55,83,4565,Yearly,Fiber,2,Cash,No
C0126,Female,52,3,79,237,Monthly,None,5,UPI,No
C0127,Male,45,7,88,616,Monthly,DSL,3,Card,No
C0128,Male,20,21,90,1890,Monthly,Fiber,2,UPI,Yes
C0129,Female,54,44,90,3960,Monthly,DSL,0,Cash,No
C0130,Male,49,59,77,4543,Monthly,Fiber,5,UPI,Yes
C0131,Male,47,58,58,3364,Monthly,DSL,0,UPI,No
C0132,Female,58,28,84,2352,Monthly,Fiber,1,UPI,No
C0133,Male,33,25,76,1900,Monthly,Fiber,5,UPI,Yes
C0134,Female,35,1,76,76,Yearly,None,0,Cash,No
C0135,Female,32,39,91,3549,Monthly,None,1,Cash,Yes
C0136,Male,58,7,97,679,Monthly,DSL,2,UPI,Yes
C0137,Female,64,9,45,405,Yearly,Fiber,5,UPI,Yes
C0138,Male,52,57,63,3591,Monthly,Fiber,1,UPI,No
C0139,Female,36,48,95,4560,Monthly,DSL,3,Card,Yes
C0140,Male,61,47,83,3901,Yearly,None,2,Card,No
C0141,Male,34,35,47,1645,Monthly,None,5,Cash,Yes
C0142,Female,58,24,46,1104,Monthly,Fiber,0,Cash,No
C0143,Female,57,15,81,1215,Monthly,Fiber,5,UPI,Yes
C0144,Male,26,3,100,300,Monthly,Fiber,0,Card,Yes
C0145,Male,42,30,63,1890,Monthly,None,5,Cash,Yes
C0146,Male,44,42,46,1932,Yearly,None,3,UPI,Yes
C0147,Female,31,29,68,1972,Yearly,Fiber,0,Cash,No
C0148,Female,21,26,57,1482,Monthly,DSL,3,Card,No
C0149,Male,21,51,61,3111,Monthly,DSL,4,Card,Yes
C0150,Male,55,14,92,1288,Yearly,Fiber,1,Cash,Yes
C0151,Male,26,35,56,1960,Yearly,DSL,5,Card,Yes
C0152,Female,33,38,60,2280,Monthly,Fiber,0,Card,No
C0153,Male,65,5,70,350,Monthly,Fiber,4,Cash,Yes
C0154,Male,57,3,86,258,Yearly,None,4,UPI,Yes
C0155,Male,21,31,94,2914,Monthly,None,0,UPI,No
C0156,Female,22,58,45,2610,Monthly,DSL,0,Card,Yes
C0157,Female,42,39,73,2847,Monthly,None,4,UPI,Yes
C0158,Male,59,42,96,4032,Yearly,None,1,UPI,No
C0159,Male,44,22,92,2024,Monthly,Fiber,5,Card,Yes
C0160,Female,60,17,63,1071,Yearly,None,3,Card,Yes
C0161,Male,23,28,46,1288,Yearly,Fiber,1,Cash,Yes
C0162,Female,60,8,66,528,Monthly,None,3,Cash,Yes
C0163,Female,56,20,62,1240,Monthly,None,1,Card,No
C0164,Male,24,23,94,2162,Monthly,DSL,2,Cash,Yes
C0165,Female,53,50,92,4600,Monthly,None,5,Cash,Yes
C0166,Female,19,12,57,684,Yearly,Fiber,2,UPI,Yes
C0167,Male,54,43,65,2795,Monthly,None,5,Card,Yes
C0168,Male,42,27,69,1863,Monthly,Fiber,2,Cash,Yes
C0169,Male,21,10,50,500,Yearly,DSL,5,Card,Yes
C0170,Female,49,39,68,2652,Monthly,DSL,4,Card,Yes
C0171,Male,36,44,83,3652,Monthly,None,5,UPI,Yes
C0172,Female,56,4,40,160,Monthly,DSL,1,UPI,Yes
C0173,Male,18,32,87,2784,Monthly,DSL,3,Cash,No
C0174,Female,22,26,95,2470,Yearly,Fiber,0,UPI,No
C0175,Female,54,28,76,2128,Monthly,None,3,UPI,Yes
C0176,Male,38,11,91,1001,Yearly,Fiber,5,UPI,Yes
C0177,Male,33,28,77,2156,Monthly,DSL,3,UPI,No
C0178,Male,39,50,50,2500,Monthly,None,0,Cash,No
C0179,Female,40,47,92,4324,Monthly,DSL,1,Card,Yes
C0180,Male,29,39,49,1911,Yearly,None,0,Card,No
C0181,Female,47,49,76,3724,Yearly,Fiber,5,Cash,No
C0182,Female,58,21,49,1029,Monthly,Fiber,3,Cash,Yes
C0183,Female,55,4,62,248,Monthly,Fiber,3,UPI,Yes
C0184,Female,36,5,81,405,Yearly,DSL,4,Cash,Yes
C0185,Female,55,36,90,3240,Yearly,DSL,3,Cash,No
C0186,Female,56,31,72,2232,Monthly,DSL,3,Card,No
C0187,Female,63,6,72,432,Monthly,DSL,1,Cash,No
C0188,Female,51,34,79,2686,Monthly,Fiber,2,UPI,No
C0189,Female,61,39,43,1677,Yearly,None,2,Card,No
C0190,Female,36,17,86,1462,Yearly,None,1,UPI,Yes
C0191,Male,40,20,81,1620,Monthly,Fiber,1,Cash,No
C0192,Male,37,36,64,2304,Monthly,Fiber,1,Cash,No
C0193,Male,59,43,67,2881,Monthly,DSL,2,UPI,Yes
C0194,Male,39,50,71,3550,Monthly,DSL,1,Card,Yes
C0195,Male,50,50,74,3700,Yearly,None,0,Cash,No
C0196,Male,56,25,49,1225,Monthly,None,4,Card,No
C0197,Male,44,24,83,1992,Yearly,Fiber,4,UPI,No
C0198,Female,32,35,55,1925,Monthly,Fiber,1,UPI,No
C0199,Female,47,50,58,2900,Yearly,None,4,UPI,No
C0200,Male,56,9,95,855,Monthly,None,3,UPI,Yes
C0201,Male,63,55,73,4015,Yearly,Fiber,0,Card,No
C0202,Male,45,6,100,600,Yearly,Fiber,2,Card,No
C0203,Female,50,24,55,1320,Monthly,DSL,2,Card,Yes
C0204,Male,63,42,61,2562,Yearly,DSL,0,UPI,No
C0205,Female,62,54,48,2592,Yearly,Fiber,3,Cash,Yes
C0206,Male,19,17,53,901,Yearly,None,5,Cash,No
C0207,Male,36,16,59,944,Monthly,DSL,3,Cash,No
C0208,Female,22,8,93,744,Yearly,None,4,Card,No
C0209,Male,63,10,58,580,Monthly,None,2,Card,No
C0210,Male,60,43,45,1935,Monthly,Fiber,0,Cash,No
C0211,Male,42,56,70,3920,Monthly,Fiber,2,UPI,No
C0212,Female,22,23,55,1265,Yearly,None,0,Cash,No
C0213,Female,26,3,62,186,Monthly,None,1,Cash,Yes
C0214,Female,58,12,91,1092,Monthly,None,3,Card,Yes
C0215,Male,30,57,42,2394,Monthly,Fiber,4,UPI,No
C0216,Female,34,3,88,264,Monthly,Fiber,2,Card,No
C0217,Female,35,8,91,728,Monthly,Fiber,5,UPI,No
C0218,Female,39,12,71,852,Monthly,Fiber,4,UPI,No
C0219,Female,23,28,78,2184,Yearly,DSL,4,UPI,Yes
C0220,Male,38,43,58,2494,Monthly,None,5,UPI,Yes
C0221,Female,40,29,42,1218,Yearly,Fiber,4,UPI,Yes
C0222,Male,22,43,80,3440,Monthly,None,5,Cash,Yes
C0223,Male,27,55,78,4290,Monthly,Fiber,0,Card,Yes
C0224,Female,41,25,100,2500,Monthly,None,1,Cash,No
C0225,Female,41,29,88,2552,Monthly,DSL,4,UPI,Yes
C0226,Female,33,8,41,328,Yearly,Fiber,4,UPI,No
C0227,Male,34,50,56,2800,Yearly,DSL,4,UPI,No
C0228,Female,30,8,48,384,Yearly,Fiber,1,Cash,No
C0229,Male,61,55,60,3300,Monthly,None,0,Cash,No
C0230,Female,28,46,85,3910,Yearly,None,1,UPI,No
C0231,Male,30,51,48,2448,Monthly,Fiber,0,UPI,No
C0232,Female,47,52,75,3900,Monthly,DSL,0,UPI,No
C0233,Female,51,27,89,2403,Monthly,None,0,Card,No
C0234,Male,46,30,83,2490,Monthly,DSL,4,Cash,Yes
C0235,Male,45,33,98,3234,Yearly,DSL,4,Card,Yes
C0236,Male,38,60,85,5100,Monthly,None,2,Card,Yes
C0237,Female,26,41,59,2419,Monthly,DSL,4,Cash,Yes
C0238,Male,28,43,79,3397,Yearly,None,2,Cash,Yes
C0239,Male,23,3,100,300,Monthly,None,2,Cash,Yes
C0240,Female,57,41,41,1681,Monthly,None,4,UPI,No
C0241,Female,48,16,91,1456,Yearly,Fiber,2,UPI,Yes
C0242,Male,28,29,66,1914,Monthly,DSL,2,Cash,Yes
C0243,Female,64,56,62,3472,Yearly,DSL,2,Cash,No
C0244,Female,33,30,47,1410,Monthly,DSL,1,Card,Yes
C0245,Female,57,27,55,1485,Yearly,DSL,2,Cash,No
C0246,Male,28,32,72,2304,Monthly,Fiber,3,Card,Yes
C0247,Female,50,30,55,1650,Monthly,Fiber,0,Card,Yes
C0248,Female,36,35,40,1400,Yearly,Fiber,1,UPI,No
C0249,Female,41,3,65,195,Monthly,None,1,UPI,Yes
C0250,Male,42,33,68,2244,Yearly,Fiber,4,Cash,No
C0251,Male,24,26,63,1638,Yearly,Fiber,4,UPI,No
C0252,Male,56,33,65,2145,Monthly,DSL,0,Card,No
C0253,Female,51,30,49,1470,Monthly,None,1,UPI,No
C0254,Female,28,26,79,2054,Yearly,Fiber,4,UPI,No
C0255,Female,63,37,59,2183,Monthly,DSL,2,UPI,No
C0256,Female,55,20,90,1800,Yearly,None,5,Card,No
C0257,Female,59,51,89,4539,Monthly,DSL,5,Card,Yes
C0258,Male,51,41,86,3526,Monthly,Fiber,1,Cash,Yes
C0259,Male,30,2,68,136,Monthly,DSL,3,Cash,Yes
C0260,Female,65,47,43,2021,Yearly,None,1,Cash,No
C0261,Female,51,25,60,1500,Yearly,Fiber,4,UPI,No
C0262,Female,57,31,52,1612,Yearly,Fiber,4,UPI,Yes
C0263,Female,36,46,53,2438,Monthly,Fiber,2,UPI,Yes
C0264,Female,36,8,76,608,Monthly,Fiber,3,UPI,No
C0265,Male,36,3,58,174,Yearly,DSL,2,UPI,No
C0266,Female,31,13,92,1196,Monthly,None,5,UPI,Yes
C0267,Male,33,4,82,328,Yearly,DSL,5,Card,Yes
C0268,Female,39,46,70,3220,Monthly,DSL,0,Cash,No
C0269,Male,44,42,99,4158,Yearly,Fiber,3,Cash,Yes
C0270,Female,38,19,81,1539,Monthly,DSL,5,Cash,Yes
C0271,Male,29,27,96,2592,Yearly,DSL,3,UPI,Yes
C0272,Female,20,1,59,59,Monthly,DSL,2,UPI,Yes
C0273,Female,26,55,72,3960,Monthly,DSL,0,UPI,Yes
C0274,Female,59,17,85,1445,Monthly,None,2,UPI,No
C0275,Male,29,40,94,3760,Monthly,Fiber,3,Cash,Yes
C0276,Female,60,7,51,357,Yearly,Fiber,2,Card,Yes
C0277,Female,33,29,88,2552,Monthly,Fiber,2,Cash,No
C0278,Male,34,42,63,2646,Monthly,DSL,5,Card,Yes
C0279,Male,43,44,72,3168,Yearly,None,2,Cash,Yes
C0280,Female,41,40,54,2160,Monthly,DSL,3,Card,Yes
C0281,Female,44,45,75,3375,Yearly,None,5,Card,No
C0282,Male,51,29,73,2117,Yearly,DSL,4,Card,Yes
C0283,Male,54,35,49,1715,Monthly,None,3,Card,No
C0284,Female,23,58,72,4176,Monthly,DSL,3,Card,Yes
C0285,Female,54,4,75,300,Monthly,Fiber,5,Card,Yes
C0286,Male,65,14,77,1078,Monthly,Fiber,2,Cash,Yes
C0287,Male,22,60,70,4200,Monthly,Fiber,1,Card,No
C0288,Female,41,58,64,3712,Monthly,Fiber,3,Card,No
C0289,Male,59,56,62,3472,Monthly,None,3,Cash,Yes
C0290,Male,18,49,41,2009,Yearly,Fiber,5,Cash,No
C0291,Female,32,16,69,1104,Monthly,Fiber,1,Cash,No
C0292,Male,60,27,79,2133,Yearly,DSL,1,Card,Yes
C0293,Male,46,39,83,3237,Yearly,DSL,1,Cash,Yes
C0294,Female,32,35,53,1855,Yearly,DSL,1,Cash,No
C0295,Male,64,37,60,2220,Monthly,None,2,Card,Yes
C0296,Male,60,34,54,1836,Monthly,Fiber,0,Cash,No
C0297,Male,58,44,67,2948,Monthly,DSL,2,Cash,No
C0298,Female,62,27,66,1782,Monthly,Fiber,1,Cash,No
C0299,Male,37,55,85,4675,Monthly,Fiber,0,Cash,No
C0300,Female,53,34,48,1632,Monthly,Fiber,1,UPI,No
C0301,Female,41,6,74,444,Yearly,DSL,0,UPI,No
C0302,Male,22,13,91,1183,Yearly,None,5,Cash,Yes
C0303,Male,39,20,98,1960,Monthly,DSL,5,Card,No
C0304,Female,33,45,78,3510,Yearly,Fiber,1,Cash,No
C0305,Female,42,30,74,2220,Monthly,Fiber,2,UPI,No
C0306,Female,47,7,91,637,Yearly,Fiber,2,Card,No
C0307,Female,20,37,95,3515,Monthly,DSL,0,UPI,No
C0308,Female,36,10,52,520,Monthly,Fiber,4,Card,Yes
C0309,Female,34,49,92,4508,Monthly,None,5,Cash,Yes
C0310,Male,64,51,62,3162,Monthly,None,4,UPI,Yes
C0311,Male,51,3,93,279,Yearly,None,0,Card,Yes
C0312,Male,22,46,49,2254,Monthly,None,3,UPI,Yes
C0313,Female,60,32,41,1312,Monthly,None,3,Card,Yes
C0314,Female,52,19,41,779,Monthly,None,5,UPI,No
C0315,Male,24,59,46,2714,Monthly,DSL,1,Cash,No
C0316,Female,35,51,65,3315,Monthly,Fiber,3,Cash,Yes
C0317,Male,37,44,92,4048,Yearly,None,5,Card,Yes
C0318,Female,42,36,70,2520,Monthly,DSL,5,Card,Yes
C0319,Female,59,51,61,3111,Monthly,DSL,4,Card,Yes
C0320,Female,35,3,99,297,Monthly,Fiber,4,Cash,Yes
C0321,Male,38,2,53,106,Monthly,None,3,Card,Yes
C0322,Male,54,54,94,5076,Monthly,None,2,UPI,No
C0323,Male,62,47,45,2115,Monthly,Fiber,0,Card,No
C0324,Male,39,39,89,3471,Monthly,None,3,UPI,Yes
C0325,Female,46,32,54,1728,Monthly,Fiber,3,Card,No
C0326,Female,23,50,79,3950,Monthly,DSL,5,Card,Yes
C0327,Male,42,46,90,4140,Monthly,None,3,UPI,Yes
C0328,Male,18,20,68,1360,Monthly,Fiber,0,Card,Yes
C0329,Female,46,36,75,2700,Monthly,DSL,0,Card,No
C0330,Male,56,39,90,3510,Monthly,Fiber,0,UPI,No
C0331,Male,64,58,75,4350,Yearly,DSL,4,Cash,Yes
C0332,Female,28,9,57,513,Monthly,Fiber,1,Card,Yes
C0333,Female,44,20,70,1400,Yearly,Fiber,2,Card,No
C0334,Female,56,40,52,2080,Monthly,DSL,2,Card,No
C0335,Female,57,25,91,2275,Yearly,Fiber,2,UPI,No
C0336,Male,37,21,78,1638,Yearly,DSL,3,UPI,Yes
C0337,Female,38,19,87,1653,Monthly,Fiber,4,Card,Yes
C0338,Female,43,24,47,1128,Yearly,DSL,4,Cash,Yes
C0339,Male,64,30,100,3000,Yearly,Fiber,2,Cash,Yes
C0340,Female,61,32,48,1536,Monthly,DSL,2,Cash,Yes
C0341,Female,42,5,68,340,Yearly,Fiber,4,UPI,Yes
C0342,Female,52,3,90,270,Yearly,None,4,Cash,Yes
C0343,Male,24,50,55,2750,Monthly,Fiber,1,Cash,No
C0344,Female,39,51,67,3417,Monthly,DSL,2,Card,No
C0345,Male,46,24,65,1560,Monthly,None,4,Cash,Yes
C0346,Female,19,31,46,1426,Monthly,DSL,0,Cash,Yes
C0347,Female,39,30,90,2700,Monthly,Fiber,2,UPI,Yes
C0348,Female,38,5,59,295,Monthly,None,0,Card,No
C0349,Male,61,52,50,2600,Yearly,None,1,Cash,Yes
C0350,Male,39,36,67,2412,Yearly,DSL,3,Cash,Yes
C0351,Female,43,2,87,174,Monthly,DSL,3,Cash,Yes
C0352,Male,63,14,53,742,Monthly,None,0,Cash,Yes
C0353,Male,41,21,52,1092,Monthly,Fiber,5,UPI,Yes
C0354,Female,56,25,79,1975,Monthly,DSL,2,UPI,No
C0355,Male,61,46,91,4186,Monthly,None,4,Card,No
C0356,Female,25,16,59,944,Monthly,Fiber,5,Card,Yes
C0357,Female,56,9,76,684,Monthly,DSL,3,Cash,Yes
C0358,Male,53,11,71,781,Monthly,DSL,2,UPI,No
C0359,Female,18,32,48,1536,Monthly,Fiber,4,Cash,No
C0360,Female,61,32,66,2112,Yearly,Fiber,3,Card,Yes
C0361,Male,32,19,42,798,Monthly,None,2,Card,No
C0362,Female,53,33,47,1551,Monthly,Fiber,4,UPI,Yes
C0363,Male,64,29,74,2146,Monthly,Fiber,0,Cash,No
C0364,Male,37,56,42,2352,Monthly,Fiber,0,UPI,No
C0365,Male,33,14,91,1274,Yearly,None,2,Cash,No
C0366,Female,28,40,48,1920,Yearly,DSL,0,Cash,No
C0367,Female,56,35,50,1750,Monthly,None,2,UPI,No
C0368,Male,26,49,90,4410,Monthly,DSL,2,Cash,Yes
C0369,Male,33,10,85,850,Monthly,DSL,5,UPI,Yes
C0370,Female,58,27,64,1728,Monthly,None,0,UPI,No
C0371,Female,62,60,96,5760,Monthly,Fiber,2,Cash,Yes
C0372,Male,64,30,80,2400,Monthly,Fiber,0,Cash,Yes
C0373,Female,31,32,57,1824,Monthly,Fiber,2,Cash,No
C0374,Female,39,58,83,4814,Yearly,DSL,0,Cash,No
C0375,Female,19,8,99,792,Yearly,Fiber,3,Card,No
C0376,Female,30,45,98,4410,Monthly,None,2,Card,No
C0377,Female,23,42,63,2646,Monthly,Fiber,5,Cash,Yes
C0378,Female,58,20,86,1720,Monthly,DSL,3,Cash,Yes
C0379,Male,18,14,70,980,Monthly,None,1,Cash,No
C0380,Male,18,45,61,2745,Yearly,Fiber,5,Card,Yes
C0381,Male,42,6,86,516,Yearly,DSL,2,UPI,No
C0382,Male,42,50,92,4600,Yearly,DSL,5,Cash,Yes
C0383,Male,57,42,50,2100,Monthly,None,1,Cash,No
C0384,Female,57,44,68,2992,Yearly,DSL,0,Card,No
C0385,Female,40,28,60,1680,Yearly,DSL,2,Cash,Yes
C0386,Female,62,2,94,188,Yearly,Fiber,1,Cash,No
C0387,Male,65,26,58,1508,Monthly,DSL,3,UPI,Yes
C0388,Female,58,39,44,1716,Monthly,DSL,2,UPI,Yes
C0389,Female,41,35,83,2905,Monthly,Fiber,0,Card,No
C0390,Male,34,14,42,588,Yearly,Fiber,4,UPI,No
C0391,Female,45,45,65,2925,Monthly,None,4,Cash,Yes
C0392,Male,37,6,72,432,Yearly,DSL,4,UPI,Yes
C0393,Male,37,45,67,3015,Yearly,DSL,0,Card,Yes
C0394,Female,25,30,79,2370,Monthly,Fiber,5,Cash,No
C0395,Male,25,1,85,85,Monthly,DSL,1,UPI,No
C0396,Female,28,24,48,1152,Yearly,Fiber,5,Card,No
C0397,Male,39,52,67,3484,Monthly,DSL,2,Cash,No
C0398,Male,49,30,72,2160,Monthly,Fiber,4,Card,Yes
C0399,Female,24,58,76,4408,Monthly,DSL,1,Cash,No
C0400,Male,18,16,42,672,Monthly,Fiber,1,Card,No
C0401,Male,53,52,98,5096,Yearly,None,3,Card,Yes
C0402,Female,64,21,57,1197,Yearly,None,2,Card,No
C0403,Male,29,15,91,1365,Monthly,DSL,3,Card,No
C0404,Female,37,21,45,945,Monthly,DSL,2,Card,Yes
C0405,Female,65,40,55,2200,Monthly,None,3,Card,No
C0406,Male,27,1,99,99,Monthly,DSL,4,UPI,Yes
C0407,Male,39,1,88,88,Monthly,None,5,UPI,Yes
C0408,Male,44,32,43,1376,Yearly,DSL,5,UPI,Yes
C0409,Male,51,27,84,2268,Yearly,Fiber,5,Card,No
C0410,Male,58,53,65,3445,Monthly,None,0,UPI,No
C0411,Male,33,19,56,1064,Yearly,Fiber,5,Cash,Yes
C0412,Female,35,15,44,660,Yearly,DSL,4,Card,Yes
C0413,Male,46,30,60,1800,Monthly,None,2,Card,No
C0414,Female,34,55,47,2585,Monthly,None,2,Cash,No
C0415,Male,31,54,94,5076,Monthly,DSL,5,Card,No
C0416,Female,50,4,83,332,Monthly,DSL,0,UPI,No
C0417,Male,24,30,46,1380,Yearly,DSL,0,Card,Yes
C0418,Male,26,13,92,1196,Monthly,None,5,Cash,Yes
C0419,Female,22,2,44,88,Monthly,None,3,Card,Yes
C0420,Female,25,3,100,300,Monthly,DSL,4,UPI,Yes
C0421,Female,49,2,64,128,Monthly,DSL,2,Card,No
C0422,Female,35,29,96,2784,Monthly,None,4,Cash,Yes
C0423,Female,49,27,96,2592,Monthly,DSL,0,UPI,No
C0424,Female,30,42,96,4032,Yearly,DSL,5,Cash,No
C0425,Female,63,23,70,1610,Monthly,Fiber,2,Cash,No
C0426,Female,35,12,41,492,Monthly,DSL,0,UPI,Yes
C0427,Female,51,23,89,2047,Monthly,DSL,1,Card,Yes
C0428,Male,35,35,92,3220,Yearly,None,0,Card,No
C0429,Female,40,60,93,5580,Yearly,DSL,1,Card,No
C0430,Female,55,2,85,170,Yearly,None,4,Card,Yes
C0431,Male,49,35,59,2065,Monthly,DSL,0,Card,Yes
C0432,Male,19,34,70,2380,Monthly,None,1,Card,Yes
C0433,Male,38,4,41,164,Monthly,None,1,Card,No
C0434,Female,22,24,85,2040,Yearly,Fiber,4,Card,Yes
C0435,Female,26,11,86,946,Yearly,None,3,Cash,Yes
C0436,Female,32,43,77,3311,Yearly,Fiber,2,Cash,No
C0437,Male,29,47,40,1880,Yearly,None,3,Cash,Yes
C0438,Female,57,15,80,1200,Monthly,Fiber,1,UPI,No
C0439,Male,40,21,50,1050,Monthly,DSL,5,Cash,No
C0440,Female,46,1,56,56,Monthly,None,0,UPI,Yes
C0441,Male,64,1,43,43,Monthly,None,3,Card,No
C0442,Female,42,23,74,1702,Monthly,Fiber,4,Cash,No
C0443,Male,28,29,44,1276,Yearly,DSL,2,Card,No
C0444,Male,22,22,50,1100,Yearly,DSL,5,Card,No
C0445,Male,39,39,79,3081,Yearly,None,0,UPI,No
C0446,Male,56,57,67,3819,Monthly,DSL,2,Card,No
C0447,Female,62,36,86,3096,Yearly,None,2,Cash,No
C0448,Male,24,4,65,260,Monthly,Fiber,1,Card,Yes
C0449,Female,23,19,92,1748,Monthly,None,3,Card,Yes
C0450,Male,28,41,58,2378,Yearly,Fiber,0,UPI,No
C0451,Female,49,58,82,4756,Monthly,None,4,UPI,Yes
C0452,Female,41,12,68,816,Monthly,Fiber,3,UPI,Yes
C0453,Female,54,4,49,196,Yearly,None,0,Card,No
C0454,Female,55,15,75,1125,Monthly,Fiber,4,UPI,No
C0455,Female,54,57,55,3135,Monthly,DSL,3,Cash,Yes
C0456,Male,25,49,68,3332,Monthly,DSL,1,Card,Yes
C0457,Female,23,44,67,2948,Monthly,None,1,Cash,Yes
C0458,Male,23,25,75,1875,Monthly,Fiber,2,Cash,No
C0459,Male,62,40,77,3080,Monthly,Fiber,0,UPI,Yes
C0460,Male,24,37,89,3293,Monthly,Fiber,4,UPI,No
C0461,Female,42,42,71,2982,Monthly,Fiber,0,Card,Yes
C0462,Male,57,39,83,3237,Monthly,DSL,3,UPI,No
C0463,Male,65,31,98,3038,Monthly,Fiber,0,UPI,No
C0464,Female,37,18,93,1674,Monthly,None,5,Card,No
C0465,Male,26,20,87,1740,Monthly,Fiber,2,Cash,No
C0466,Male,30,29,53,1537,Yearly,Fiber,5,UPI,No
C0467,Female,21,33,90,2970,Monthly,Fiber,5,Cash,Yes
C0468,Male,29,13,96,1248,Yearly,DSL,1,Card,No
C0469,Female,63,13,57,741,Monthly,Fiber,4,UPI,Yes
C0470,Male,61,2,55,110,Monthly,None,3,Card,No
C0471,Female,55,36,62,2232,Monthly,Fiber,5,Cash,Yes
C0472,Male,42,4,50,200,Yearly,DSL,1,Cash,Yes
C0473,Male,35,42,66,2772,Monthly,None,0,UPI,No
C0474,Male,56,52,40,2080,Monthly,None,2,Cash,No
C0475,Female,45,58,64,3712,Yearly,Fiber,2,Card,No
C0476,Female,55,7,40,280,Monthly,None,2,Cash,No
C0477,Female,37,44,46,2024,Monthly,Fiber,2,Cash,Yes
C0478,Female,34,42,85,3570,Yearly,None,2,Card,Yes
C0479,Male,21,52,94,4888,Yearly,None,3,Cash,Yes
C0480,Male,64,2,81,162,Monthly,Fiber,2,UPI,Yes
C0481,Male,55,46,76,3496,Yearly,Fiber,5,Cash,Yes
C0482,Female,60,23,72,1656,Monthly,DSL,5,Cash,Yes
C0483,Male,48,9,87,783,Monthly,None,1,Cash,No
C0484,Male,32,23,54,1242,Yearly,Fiber,3,UPI,Yes
C0485,Female,47,55,47,2585,Monthly,None,4,Cash,No
C0486,Male,48,57,52,2964,Monthly,None,3,Cash,Yes
C0487,Male,27,9,52,468,Monthly,None,3,Card,Yes
C0488,Male,23,32,61,1952,Monthly,DSL,2,Cash,Yes
C0489,Female,35,14,88,1232,Yearly,None,1,UPI,No
C0490,Male,26,40,67,2680,Monthly,Fiber,3,UPI,Yes
C0491,Male,52,13,86,1118,Monthly,DSL,2,Cash,Yes
C0492,Male,58,47,55,2585,Monthly,Fiber,2,Card,Yes
C0493,Female,28,5,92,460,Monthly,Fiber,3,Cash,Yes
C0494,Female,45,57,83,4731,Yearly,Fiber,3,UPI,No
C0495,Male,43,2,54,108,Monthly,DSL,1,Cash,Yes
C0496,Male,25,24,85,2040,Monthly,DSL,3,Cash,Yes
C0497,Male,56,4,82,328,Monthly,DSL,0,Cash,Yes
C0498,Female,42,8,75,600,Monthly,None,1,Card,No
C0499,Male,37,27,82,2214,Monthly,None,2,Cash,No
C0500,Male,44,54,97,5238,Monthly,None,4,Card,Yes
C0501,Male,49,13,78,1014,Monthly,Fiber,4,Card,Yes
C0502,Female,36,11,42,462,Monthly,DSL,5,UPI,Yes
C0503,Male,18,43,45,1935,Yearly,None,5,UPI,Yes
C0504,Male,50,5,86,430,Yearly,Fiber,5,Card,Yes
C0505,Female,34,30,43,1290,Monthly,DSL,0,UPI,No
C0506,Female,45,48,47,2256,Monthly,DSL,0,Card,No
C0507,Male,39,23,97,2231,Monthly,None,2,Cash,Yes
C0508,Female,29,8,65,520,Monthly,Fiber,2,UPI,No
C0509,Female,44,42,96,4032,Yearly,DSL,1,Cash,No
C0510,Male,24,27,98,2646,Monthly,None,5,UPI,Yes
C0511,Female,40,40,41,1640,Yearly,None,1,UPI,No
C0512,Male,44,29,42,1218,Monthly,None,2,Card,No
C0513,Male,60,56,61,3416,Monthly,None,5,Cash,Yes
C0514,Male,48,23,82,1886,Monthly,Fiber,1,Cash,No
C0515,Male,18,42,99,4158,Monthly,Fiber,3,Card,Yes
C0516,Female,38,16,61,976,Yearly,DSL,4,Card,No
C0517,Female,43,53,55,2915,Monthly,Fiber,4,UPI,Yes
C0518,Female,46,21,47,987,Yearly,None,5,Card,Yes
C0519,Female,20,36,75,2700,Monthly,DSL,4,Cash,No
C0520,Male,59,43,69,2967,Yearly,Fiber,0,Card,No
C0521,Female,53,50,79,3950,Monthly,None,5,UPI,No
C0522,Male,24,49,82,4018,Monthly,Fiber,2,Cash,No
C0523,Female,53,34,63,2142,Yearly,DSL,1,UPI,Yes
C0524,Female,24,17,79,1343,Monthly,DSL,3,Card,Yes
C0525,Male,63,22,46,1012,Yearly,DSL,5,Cash,No
C0526,Female,47,43,77,3311,Yearly,DSL,3,Card,No
C0527,Male,53,60,67,4020,Yearly,Fiber,4,Card,No
C0528,Male,64,53,48,2544,Monthly,None,4,Cash,No
C0529,Female,44,39,98,3822,Monthly,DSL,2,UPI,No
C0530,Female,46,52,48,2496,Monthly,None,5,Cash,Yes
C0531,Female,63,48,99,4752,Monthly,DSL,1,Card,No
C0532,Female,61,23,98,2254,Monthly,None,5,Card,Yes
C0533,Female,63,8,88,704,Monthly,Fiber,4,Cash,No
C0534,Female,61,48,97,4656,Yearly,Fiber,3,Card,No
C0535,Male,42,10,43,430,Monthly,DSL,2,Card,No
C0536,Female,27,54,43,2322,Monthly,Fiber,1,Cash,Yes
C0537,Female,24,40,95,3800,Monthly,None,1,Cash,No
C0538,Female,33,33,90,2970,Yearly,None,2,Cash,No
C0539,Female,42,27,90,2430,Yearly,Fiber,4,Card,Yes
C0540,Female,30,40,95,3800,Yearly,Fiber,1,Cash,No
C0541,Female,55,35,87,3045,Monthly,None,1,UPI,No
C0542,Male,29,12,87,1044,Monthly,Fiber,0,UPI,Yes
C0543,Female,26,11,77,847,Yearly,DSL,2,UPI,No
C0544,Male,20,10,99,990,Monthly,DSL,5,Cash,No
C0545,Female,49,51,76,3876,Monthly,DSL,5,UPI,Yes
C0546,Male,51,5,90,450,Monthly,Fiber,4,Cash,Yes
C0547,Female,32,57,53,3021,Monthly,Fiber,2,UPI,Yes
C0548,Female,53,53,88,4664,Yearly,DSL,0,Cash,No
C0549,Male,59,40,98,3920,Monthly,DSL,5,UPI,Yes
C0550,Male,42,17,74,1258,Yearly,DSL,4,UPI,No
C0551,Female,49,3,58,174,Yearly,DSL,2,Cash,Yes
C0552,Male,28,50,74,3700,Monthly,None,0,Card,No
C0553,Male,61,28,93,2604,Monthly,None,5,Cash,No
C0554,Male,65,44,49,2156,Monthly,None,2,Card,Yes
C0555,Male,29,51,56,2856,Monthly,None,1,UPI,No
C0556,Female,58,26,67,1742,Monthly,Fiber,5,Card,Yes
C0557,Male,65,38,42,1596,Yearly,DSL,2,Cash,Yes
C0558,Female,56,6,58,348,Yearly,Fiber,3,UPI,No
C0559,Male,48,11,74,814,Monthly,None,3,Cash,Yes
C0560,Male,37,44,96,4224,Yearly,None,5,UPI,No
C0561,Male,53,56,75,4200,Monthly,DSL,0,Cash,No
C0562,Male,37,14,87,1218,Yearly,None,2,Card,No
C0563,Male,28,12,54,648,Monthly,Fiber,1,Card,Yes
C0564,Male,53,30,81,2430,Monthly,Fiber,5,Card,Yes
C0565,Male,64,38,71,2698,Yearly,Fiber,1,Cash,No
C0566,Male,36,40,44,1760,Yearly,Fiber,3,UPI,Yes
C0567,Female,62,38,49,1862,Monthly,Fiber,2,UPI,Yes
C0568,Female,33,51,54,2754,Yearly,None,3,UPI,No
C0569,Male,61,47,61,2867,Yearly,Fiber,3,UPI,No
C0570,Female,53,7,51,357,Monthly,DSL,2,Card,No
C0571,Male,34,47,96,4512,Monthly,None,0,Card,No
C0572,Male,55,38,65,2470,Yearly,DSL,0,Cash,No
C0573,Female,59,50,49,2450,Monthly,DSL,4,Cash,No
C0574,Male,47,33,72,2376,Monthly,Fiber,4,Card,No
C0575,Male,50,9,68,612,Monthly,None,4,Cash,No
C0576,Male,65,47,70,3290,Yearly,DSL,1,UPI,No
C0577,Female,41,15,42,630,Monthly,None,2,UPI,No
C0578,Female,20,3,81,243,Monthly,None,4,Cash,Yes
C0579,Female,55,35,76,2660,Monthly,None,3,UPI,Yes
C0580,Male,51,17,64,1088,Yearly,DSL,4,UPI,Yes
C0581,Female,49,51,70,3570,Yearly,DSL,4,Card,Yes
C0582,Male,22,33,81,2673,Monthly,DSL,1,Card,No
C0583,Male,60,15,66,990,Yearly,None,0,UPI,No
C0584,Female,31,38,50,1900,Monthly,Fiber,0,Card,Yes
C0585,Male,26,41,72,2952,Monthly,None,1,Card,Yes
C0586,Male,51,26,78,2028,Yearly,None,0,Cash,No
C0587,Female,23,14,68,952,Monthly,Fiber,3,Card,Yes
C0588,Female,56,10,90,900,Monthly,DSL,4,Cash,Yes
C0589,Male,64,44,61,2684,Yearly,None,4,Card,Yes
C0590,Female,26,7,41,287,Monthly,None,5,UPI,No
C0591,Male,29,31,97,3007,Monthly,DSL,4,Cash,No
C0592,Male,48,43,48,2064,Yearly,None,0,Cash,No
C0593,Female,41,56,42,2352,Monthly,Fiber,1,UPI,No
C0594,Female,40,38,91,3458,Yearly,None,4,Card,Yes
C0595,Female,48,50,54,2700,Yearly,DSL,2,Cash,No
C0596,Female,34,13,40,520,Yearly,DSL,4,Cash,Yes
C0597,Male,42,42,53,2226,Monthly,Fiber,3,UPI,Yes
C0598,Female,59,38,56,2128,Monthly,None,3,Cash,Yes
C0599,Female,61,26,88,2288,Monthly,None,4,UPI,Yes
C0600,Female,34,20,76,1520,Monthly,None,3,Cash,Yes
